SET CLUSTER '';
SET DEFAULT_TABLE_TYPE 0;
SET WRITE_DELAY 500;
SET DEFAULT_LOCK_TIMEOUT 2000;
SET CACHE_SIZE 16384;
CREATE USER IF NOT EXISTS SA SALT 'b9d77c98e74d11dd' HASH '68fc882da40e43193de149091a00419f13c6dd62156978a7aee2acf1fc15edef' ADMIN;
CREATE SEQUENCE PUBLIC.SYSTEM_SEQUENCE_F3CC6A17_5FE8_4EE2_9DEB_D40BEAF57566 START WITH 33 BELONGS_TO_TABLE;
CREATE SEQUENCE PUBLIC.SYSTEM_SEQUENCE_367B8DF2_F23C_486C_A59E_5A4CDBFA2BC3 START WITH 2264 BELONGS_TO_TABLE;
CREATE SEQUENCE PUBLIC.SYSTEM_SEQUENCE_C02B2120_FD4D_445E_8622_053B1A97CB41 START WITH 117 BELONGS_TO_TABLE;
CREATE SEQUENCE PUBLIC.SYSTEM_SEQUENCE_E068EBD0_49FF_44EF_B2E2_E1169DBC9D56 START WITH 97 BELONGS_TO_TABLE;
CREATE SEQUENCE PUBLIC.SYSTEM_SEQUENCE_4186D985_0614_46B7_AA88_3B9F5C99E466 START WITH 34 BELONGS_TO_TABLE;
CREATE CACHED TABLE PUBLIC.CATEGORY(
    ID BIGINT DEFAULT (NEXT VALUE FOR PUBLIC.SYSTEM_SEQUENCE_E068EBD0_49FF_44EF_B2E2_E1169DBC9D56) NOT NULL NULL_TO_DEFAULT SEQUENCE PUBLIC.SYSTEM_SEQUENCE_E068EBD0_49FF_44EF_B2E2_E1169DBC9D56,
    ACTIVE BIT,
    GENDER VARCHAR(255),
    MAXIMUMWEIGHT DOUBLE,
    MINIMUMWEIGHT DOUBLE,
    NAME VARCHAR(255)
);
-- 26 +/- SELECT COUNT(*) FROM PUBLIC.CATEGORY;
INSERT INTO PUBLIC.CATEGORY(ID, ACTIVE, GENDER, MAXIMUMWEIGHT, MINIMUMWEIGHT, NAME) VALUES
(3, TRUE, 'F', 48.0, 44.0, 'f48'),
(4, TRUE, 'F', 53.0, 48.0, 'f53'),
(5, TRUE, 'F', 58.0, 53.0, 'f58'),
(6, TRUE, 'F', 63.0, 58.0, 'f63'),
(8, FALSE, 'F', 999.0, 69.0, 'f>69'),
(13, TRUE, 'M', 56.0, 51.0, 'm56'),
(14, TRUE, 'M', 62.0, 56.0, 'm62'),
(15, TRUE, 'M', 69.0, 62.0, 'm69'),
(16, TRUE, 'M', 77.0, 69.0, 'm77'),
(17, TRUE, 'M', 85.0, 77.0, 'm85'),
(18, TRUE, 'M', 999.0, 85.0, 'm>85'),
(19, FALSE, 'M', 94.0, 85.0, 'm94'),
(20, FALSE, 'M', 999.0, 94.0, 'm>94'),
(21, FALSE, 'M', 105.0, 94.0, 'm105'),
(22, FALSE, 'M', 999.0, 105.0, 'm>105'),
(65, FALSE, 'F', 1001.0, 1000.0, 'fmini'),
(66, FALSE, 'M', 1001.0, 1000.0, 'mmini'),
(33, TRUE, 'M', 40.0, 0.0, 'm40'),
(12, TRUE, 'M', 51.0, 46.0, 'm51'),
(11, TRUE, 'M', 46.0, 40.0, 'm46'),
(1, TRUE, 'F', 40.0, 0.0, 'f40'),
(2, TRUE, 'F', 44.0, 40.0, 'f44'),
(34, TRUE, 'F', 999.0, 63.0, 'f>63'),
(10, FALSE, 'F', 999.0, 75.0, 'f>75'),
(9, FALSE, 'F', 75.0, 69.0, 'f75'),
(7, FALSE, 'F', 69.0, 63.0, 'f69');
CREATE CACHED TABLE PUBLIC.COMPETITIONSESSION(
    ID BIGINT DEFAULT (NEXT VALUE FOR PUBLIC.SYSTEM_SEQUENCE_C02B2120_FD4D_445E_8622_053B1A97CB41) NOT NULL NULL_TO_DEFAULT SEQUENCE PUBLIC.SYSTEM_SEQUENCE_C02B2120_FD4D_445E_8622_053B1A97CB41,
    ANNOUNCER VARCHAR(255),
    COMPETITIONTIME TIMESTAMP,
    JURY VARCHAR(255),
    MARSHALL VARCHAR(255),
    NAME VARCHAR(255),
    REFEREE1 VARCHAR(255),
    REFEREE2 VARCHAR(255),
    REFEREE3 VARCHAR(255),
    TECHNICALCONTROLLER VARCHAR(255),
    TIMEKEEPER VARCHAR(255),
    WEIGHINTIME TIMESTAMP,
    PLATFORM_ID BIGINT
);
-- 6 +/- SELECT COUNT(*) FROM PUBLIC.COMPETITIONSESSION;
INSERT INTO PUBLIC.COMPETITIONSESSION(ID, ANNOUNCER, COMPETITIONTIME, JURY, MARSHALL, NAME, REFEREE1, REFEREE2, REFEREE3, TECHNICALCONTROLLER, TIMEKEEPER, WEIGHINTIME, PLATFORM_ID) VALUES
(109, 'J.-F. Lamy', TIMESTAMP '2014-04-05 13:00:52.085', '', 'A. Chevrier', 'H2', 'Y. Chouinard', 'N. Gilbert', 'E. Chevrier', '', '', TIMESTAMP '2014-04-05 09:01:52.085', NULL),
(110, 'M. Lamontagne', NULL, '', 'J. Vachon', 'H3', 'J.-L. Tremblay', 'J.-F. Lamy', 'N. Gilbert', 'R. St-Laurent', 'M. Jodoin', NULL, NULL),
(114, 'F. Boucher', NULL, '', STRINGDECODE('N. B\u00e9langer'), 'F2', 'P. Ramires', 'R.St-Laurent', 'J. Sylvain', 'A. Rodrigue', 'M. Jodoin', NULL, NULL),
(113, 'J.-F. Lamy', TIMESTAMP '2014-04-05 10:15:52.086', '', 'A. Chevrier', 'F1', 'N. Gilbert', 'E. Chevrier', 'Y. Chouinard', '', '', TIMESTAMP '2014-04-05 09:00:52.086', NULL),
(3, 'J.-F. Lamy', TIMESTAMP '2014-04-05 11:30:52.083', '', 'A. Chevrier', 'H1', 'E. Chevrier', 'Y. Chouinard', 'N. Gilbert', '', '', TIMESTAMP '2014-04-05 09:01:52.083', NULL),
(116, 'F. Boucher', NULL, '', STRINGDECODE('N. B\u00e9langer'), 'H4', 'P. Ramires', 'J. Sylvain', 'R. St-Laurent', 'J.-L. Tremblay', 'J.-F. Lamy', NULL, NULL);
CREATE CACHED TABLE PUBLIC.COMPETITIONSESSION_CATEGORY(
    COMPETITIONSESSION_ID BIGINT NOT NULL,
    CATEGORIES_ID BIGINT NOT NULL
);
-- 0 +/- SELECT COUNT(*) FROM PUBLIC.COMPETITIONSESSION_CATEGORY;
CREATE CACHED TABLE PUBLIC.PLATFORM(
    ID BIGINT DEFAULT (NEXT VALUE FOR PUBLIC.SYSTEM_SEQUENCE_4186D985_0614_46B7_AA88_3B9F5C99E466) NOT NULL NULL_TO_DEFAULT SEQUENCE PUBLIC.SYSTEM_SEQUENCE_4186D985_0614_46B7_AA88_3B9F5C99E466,
    HASDISPLAY BIT,
    LIGHTBAR INTEGER,
    MIXERNAME VARCHAR(255),
    NAME VARCHAR(255),
    NBC_2_5 INTEGER,
    NBL_10 INTEGER,
    NBL_15 INTEGER,
    NBL_20 INTEGER,
    NBL_25 INTEGER,
    NBL_2_5 INTEGER,
    NBL_5 INTEGER,
    NBS_0_5 INTEGER,
    NBS_1 INTEGER,
    NBS_1_5 INTEGER,
    NBS_2 INTEGER,
    NBS_2_5 INTEGER,
    NBS_5 INTEGER,
    OFFICIALBAR INTEGER,
    SHOWDECISIONLIGHTS BIT,
    SHOWTIMER BIT
);
-- 1 +/- SELECT COUNT(*) FROM PUBLIC.PLATFORM;
INSERT INTO PUBLIC.PLATFORM(ID, HASDISPLAY, LIGHTBAR, MIXERNAME, NAME, NBC_2_5, NBL_10, NBL_15, NBL_20, NBL_25, NBL_2_5, NBL_5, NBS_0_5, NBS_1, NBS_1_5, NBS_2, NBS_2_5, NBS_5, OFFICIALBAR, SHOWDECISIONLIGHTS, SHOWTIMER) VALUES
(1, FALSE, 0, STRINGDECODE('P\u00e9riph\u00e9rique audio principal'), 'Platform', 1, 1, 1, 1, 1, 1, 1, 1, 1, 1, 1, 1, 1, 20, TRUE, TRUE);
CREATE CACHED TABLE PUBLIC.COMPETITION(
    ID BIGINT DEFAULT (NEXT VALUE FOR PUBLIC.SYSTEM_SEQUENCE_F3CC6A17_5FE8_4EE2_9DEB_D40BEAF57566) NOT NULL NULL_TO_DEFAULT SEQUENCE PUBLIC.SYSTEM_SEQUENCE_F3CC6A17_5FE8_4EE2_9DEB_D40BEAF57566,
    COMPETITIONCITY VARCHAR(255),
    COMPETITIONDATE TIMESTAMP,
    COMPETITIONNAME VARCHAR(255),
    COMPETITIONORGANIZER VARCHAR(255),
    COMPETITIONSITE VARCHAR(255),
    FEDERATION VARCHAR(255),
    FEDERATIONADDRESS VARCHAR(255),
    FEDERATIONEMAIL VARCHAR(255),
    FEDERATIONWEBSITE VARCHAR(255),
    INVITEDIFBORNBEFORE INTEGER,
    MASTERS BIT,
    RESULTTEMPLATEFILENAME VARCHAR(255),
    PROTOCOLFILENAME VARCHAR(255),
    ENFORCE15_20KGRULE BIT
);
-- 1 +/- SELECT COUNT(*) FROM PUBLIC.COMPETITION;
INSERT INTO PUBLIC.COMPETITION(ID, COMPETITIONCITY, COMPETITIONDATE, COMPETITIONNAME, COMPETITIONORGANIZER, COMPETITIONSITE, FEDERATION, FEDERATIONADDRESS, FEDERATIONEMAIL, FEDERATIONWEBSITE, INVITEDIFBORNBEFORE, MASTERS, RESULTTEMPLATEFILENAME, PROTOCOLFILENAME, ENFORCE15_20KGRULE) VALUES
(1, STRINGDECODE('Montr\u00e9al'), TIMESTAMP '2014-04-05 00:00:58.0', STRINGDECODE('Jeux de Montr\u00e9al 2014'), STRINGDECODE('Ville de Montr\u00e9al'), 'Centre Gadbois', STRINGDECODE('F\u00e9d\u00e9ration d''halt\u00e9rophilie du Qu\u00e9bec'), '4545 Pierre-de-Coubertin', 'admin@fedhaltero.qc.ca', 'www.fedhaltero.qc.ca', 0, FALSE, 'C:\Dev\owlcms2\.metadata\.plugins\org.eclipse.wst.server.core\tmp0\wtpwebapps\owlcms\WEB-INF\classes\templates\competitionBook\CompetitionBook_JdeMontreal_fr.xls', 'C:\Dev\owlcms2\.metadata\.plugins\org.eclipse.wst.server.core\tmp0\wtpwebapps\owlcms\WEB-INF\classes\templates\protocolSheet\Quebec_fr.xls', FALSE);
CREATE CACHED TABLE PUBLIC.LIFTER(
    ID BIGINT DEFAULT (NEXT VALUE FOR PUBLIC.SYSTEM_SEQUENCE_367B8DF2_F23C_486C_A59E_5A4CDBFA2BC3) NOT NULL NULL_TO_DEFAULT SEQUENCE PUBLIC.SYSTEM_SEQUENCE_367B8DF2_F23C_486C_A59E_5A4CDBFA2BC3,
    AGEGROUP INTEGER,
    BIRTHDATE INTEGER,
    BODYWEIGHT DOUBLE,
    CLEANJERK1ACTUALLIFT VARCHAR(255),
    CLEANJERK1CHANGE1 VARCHAR(255),
    CLEANJERK1CHANGE2 VARCHAR(255),
    CLEANJERK1DECLARATION VARCHAR(255),
    CLEANJERK1LIFTTIME TIMESTAMP,
    CLEANJERK2ACTUALLIFT VARCHAR(255),
    CLEANJERK2CHANGE1 VARCHAR(255),
    CLEANJERK2CHANGE2 VARCHAR(255),
    CLEANJERK2DECLARATION VARCHAR(255),
    CLEANJERK2LIFTTIME TIMESTAMP,
    CLEANJERK3ACTUALLIFT VARCHAR(255),
    CLEANJERK3CHANGE1 VARCHAR(255),
    CLEANJERK3CHANGE2 VARCHAR(255),
    CLEANJERK3DECLARATION VARCHAR(255),
    CLEANJERK3LIFTTIME TIMESTAMP,
    CLEANJERKPOINTS FLOAT,
    CLEANJERKRANK INTEGER,
    CLUB VARCHAR(255),
    COMBINEDPOINTS FLOAT,
    FIRSTNAME VARCHAR(255),
    GENDER VARCHAR(255),
    LASTNAME VARCHAR(255),
    LOTNUMBER INTEGER,
    MEMBERSHIP VARCHAR(255),
    QUALIFYINGTOTAL INTEGER,
    SINCLAIRPOINTS FLOAT,
    SINCLAIRRANK INTEGER,
    SNATCH1ACTUALLIFT VARCHAR(255),
    SNATCH1CHANGE1 VARCHAR(255),
    SNATCH1CHANGE2 VARCHAR(255),
    SNATCH1DECLARATION VARCHAR(255),
    SNATCH1LIFTTIME TIMESTAMP,
    SNATCH2ACTUALLIFT VARCHAR(255),
    SNATCH2CHANGE1 VARCHAR(255),
    SNATCH2CHANGE2 VARCHAR(255),
    SNATCH2DECLARATION VARCHAR(255),
    SNATCH2LIFTTIME TIMESTAMP,
    SNATCH3ACTUALLIFT VARCHAR(255),
    SNATCH3CHANGE1 VARCHAR(255),
    SNATCH3CHANGE2 VARCHAR(255),
    SNATCH3DECLARATION VARCHAR(255),
    SNATCH3LIFTTIME TIMESTAMP,
    SNATCHPOINTS FLOAT,
    SNATCHRANK INTEGER,
    STARTNUMBER INTEGER,
    TEAMCLEANJERKRANK INTEGER,
    TEAMCOMBINEDRANK INTEGER,
    TEAMMEMBER BIT,
    TEAMSINCLAIRRANK INTEGER,
    TEAMSNATCHRANK INTEGER,
    TEAMTOTALRANK INTEGER,
    TOTALPOINTS FLOAT,
    TOTALRANK INTEGER,
    VERSION BIGINT,
    COMPETITIONSESSION_ID BIGINT,
    REGISTRATIONCATEGORY_ID BIGINT,
    CUSTOMSCORE DOUBLE,
    CUSTOMRANK INTEGER,
    CUSTOMPOINTS FLOAT,
    FULLBIRTHDATE TIMESTAMP
);
-- 33 +/- SELECT COUNT(*) FROM PUBLIC.LIFTER;
INSERT INTO PUBLIC.LIFTER(ID, AGEGROUP, BIRTHDATE, BODYWEIGHT, CLEANJERK1ACTUALLIFT, CLEANJERK1CHANGE1, CLEANJERK1CHANGE2, CLEANJERK1DECLARATION, CLEANJERK1LIFTTIME, CLEANJERK2ACTUALLIFT, CLEANJERK2CHANGE1, CLEANJERK2CHANGE2, CLEANJERK2DECLARATION, CLEANJERK2LIFTTIME, CLEANJERK3ACTUALLIFT, CLEANJERK3CHANGE1, CLEANJERK3CHANGE2, CLEANJERK3DECLARATION, CLEANJERK3LIFTTIME, CLEANJERKPOINTS, CLEANJERKRANK, CLUB, COMBINEDPOINTS, FIRSTNAME, GENDER, LASTNAME, LOTNUMBER, MEMBERSHIP, QUALIFYINGTOTAL, SINCLAIRPOINTS, SINCLAIRRANK, SNATCH1ACTUALLIFT, SNATCH1CHANGE1, SNATCH1CHANGE2, SNATCH1DECLARATION, SNATCH1LIFTTIME, SNATCH2ACTUALLIFT, SNATCH2CHANGE1, SNATCH2CHANGE2, SNATCH2DECLARATION, SNATCH2LIFTTIME, SNATCH3ACTUALLIFT, SNATCH3CHANGE1, SNATCH3CHANGE2, SNATCH3DECLARATION, SNATCH3LIFTTIME, SNATCHPOINTS, SNATCHRANK, STARTNUMBER, TEAMCLEANJERKRANK, TEAMCOMBINEDRANK, TEAMMEMBER, TEAMSINCLAIRRANK, TEAMSNATCHRANK, TEAMTOTALRANK, TOTALPOINTS, TOTALRANK, VERSION, COMPETITIONSESSION_ID, REGISTRATIONCATEGORY_ID, CUSTOMSCORE, CUSTOMRANK, CUSTOMPOINTS, FULLBIRTHDATE) VALUES
(2226, 0, 1998, 67.5, '58', '58', '', '45', TIMESTAMP '2014-04-05 14:02:04.49', '-61', '', '', '61', TIMESTAMP '2014-04-05 14:03:50.489', '61', '', '', '', TIMESTAMP '2014-04-05 14:05:28.538', 28.0, 1, 'IBZ-SGE', NULL, 'GABRIEL', 'M', 'LECAVALIER', 27, '', 0, NULL, 5, '40', '', '', '40', TIMESTAMP '2014-04-05 13:27:30.609', '45', '', '', '45', TIMESTAMP '2014-04-05 13:29:04.324', '48', '', '', '48', TIMESTAMP '2014-04-05 13:30:32.612', 28.0, 1, 3, NULL, NULL, TRUE, 0, NULL, NULL, 28.0, 1, NULL, 109, 15, NULL, 1, 28.0, NULL),
(2224, 0, 2001, 61.8, '25', '', '', '25', TIMESTAMP '2014-04-05 13:44:41.244', '30', '', '', '30', TIMESTAMP '2014-04-05 13:46:32.781', '34', '', '', '34', TIMESTAMP '2014-04-05 13:49:21.82', 28.0, 1, 'SUD-OUE', NULL, 'AKIRA', 'M', 'LACROIX', 4, '', 0, NULL, 13, '20', '', '', '20', TIMESTAMP '2014-04-05 13:13:36.971', '24', '', '', '24', TIMESTAMP '2014-04-05 13:15:52.049', '27', '', '', '27', TIMESTAMP '2014-04-05 13:18:03.605', 28.0, 1, 2, NULL, NULL, TRUE, 0, NULL, NULL, 28.0, 1, NULL, 109, 14, NULL, 1, 28.0, NULL),
(2230, 0, 1997, 77.2, '65', '', '', '65', TIMESTAMP '2014-04-05 14:06:53.071', '67', '', '', '67', TIMESTAMP '2014-04-05 14:08:52.053', '71', '', '', '71', TIMESTAMP '2014-04-05 14:11:03.089', 28.0, 1, 'SUD-OUE', NULL, 'VICTOR', 'M', 'GRACIA', 21, '', 0, NULL, 2, '53', '', '', '53', TIMESTAMP '2014-04-05 13:31:30.458', '55', '', '', '55', TIMESTAMP '2014-04-05 13:33:41.875', '57', '', '', '57', TIMESTAMP '2014-04-05 13:35:31.134', 28.0, 1, 6, NULL, NULL, TRUE, 0, NULL, NULL, 28.0, 1, NULL, 109, 17, NULL, 1, 28.0, NULL),
(2227, 0, 2001, 71.6, '32', '', '', '32', TIMESTAMP '2014-04-05 13:47:39.712', '37', '', '', '37', TIMESTAMP '2014-04-05 13:51:08.355', '42', '42', '', '40', TIMESTAMP '2014-04-05 13:54:17.763', 28.0, 1, 'SUD-OUE', NULL, STRINGDECODE('L\u00c9O'), 'M', 'MARTIN', 15, '', 0, NULL, 12, '21', '21', '', '20', TIMESTAMP '2014-04-05 13:14:49.443', '25', '25', '', '24', TIMESTAMP '2014-04-05 13:17:08.365', '28', '28', '', '27', TIMESTAMP '2014-04-05 13:19:04.145', 28.0, 1, 4, NULL, NULL, TRUE, 0, NULL, NULL, 28.0, 1, NULL, 109, 16, NULL, 1, 28.0, NULL),
(2229, 0, 2000, 84.2, '48', '48', '', '45', TIMESTAMP '2014-04-05 12:55:13.625', '51', '', '', '51', TIMESTAMP '2014-04-05 12:56:54.866', '-55', '', '', '55', TIMESTAMP '2014-04-05 12:59:27.159', 25.0, 2, 'AHU-CAR', NULL, 'THIERRY', 'M', 'AMOUCHAS-LEMIEUX', 32, '', 0, NULL, 6, '43', '', '', '43', TIMESTAMP '2014-04-05 12:23:36.669', '47', '', '', '47', TIMESTAMP '2014-04-05 12:24:55.348', '50', '', '', '50', TIMESTAMP '2014-04-05 12:25:56.263', 25.0, 2, 9, NULL, NULL, TRUE, 0, NULL, NULL, 28.0, 1, NULL, 3, 17, NULL, 2, 25.0, NULL),
(2213, 0, 2001, 84.2, '44', '42', '44', '40', TIMESTAMP '2014-04-05 13:55:17.782', '47', '', '', '47', TIMESTAMP '2014-04-05 13:57:54.39', '-50', '50', '', '49', TIMESTAMP '2014-04-05 14:00:46.726', 23.0, 3, 'CDN-NDG', NULL, 'RAPHAEL', 'M', 'LAFOND', 7, '', 0, NULL, 10, '34', '34', '', '30', TIMESTAMP '2014-04-05 13:22:26.611', '36', '', '', '36', TIMESTAMP '2014-04-05 13:24:37.0', '38', '', '', '38', TIMESTAMP '2014-04-05 13:26:38.487', 23.0, 3, 5, NULL, NULL, TRUE, 0, NULL, NULL, 23.0, 3, NULL, 109, 33, NULL, 1, 28.0, NULL);
INSERT INTO PUBLIC.LIFTER(ID, AGEGROUP, BIRTHDATE, BODYWEIGHT, CLEANJERK1ACTUALLIFT, CLEANJERK1CHANGE1, CLEANJERK1CHANGE2, CLEANJERK1DECLARATION, CLEANJERK1LIFTTIME, CLEANJERK2ACTUALLIFT, CLEANJERK2CHANGE1, CLEANJERK2CHANGE2, CLEANJERK2DECLARATION, CLEANJERK2LIFTTIME, CLEANJERK3ACTUALLIFT, CLEANJERK3CHANGE1, CLEANJERK3CHANGE2, CLEANJERK3DECLARATION, CLEANJERK3LIFTTIME, CLEANJERKPOINTS, CLEANJERKRANK, CLUB, COMBINEDPOINTS, FIRSTNAME, GENDER, LASTNAME, LOTNUMBER, MEMBERSHIP, QUALIFYINGTOTAL, SINCLAIRPOINTS, SINCLAIRRANK, SNATCH1ACTUALLIFT, SNATCH1CHANGE1, SNATCH1CHANGE2, SNATCH1DECLARATION, SNATCH1LIFTTIME, SNATCH2ACTUALLIFT, SNATCH2CHANGE1, SNATCH2CHANGE2, SNATCH2DECLARATION, SNATCH2LIFTTIME, SNATCH3ACTUALLIFT, SNATCH3CHANGE1, SNATCH3CHANGE2, SNATCH3DECLARATION, SNATCH3LIFTTIME, SNATCHPOINTS, SNATCHRANK, STARTNUMBER, TEAMCLEANJERKRANK, TEAMCOMBINEDRANK, TEAMMEMBER, TEAMSINCLAIRRANK, TEAMSNATCHRANK, TEAMTOTALRANK, TOTALPOINTS, TOTALRANK, VERSION, COMPETITIONSESSION_ID, REGISTRATIONCATEGORY_ID, CUSTOMSCORE, CUSTOMRANK, CUSTOMPOINTS, FULLBIRTHDATE) VALUES
(2200, 0, 2004, 22.5, '', '', '', '8', NULL, '', '', '', '', NULL, '', '', '', '', NULL, 25.0, 2, 'SUD-OUE', NULL, 'ROSALIE', 'F', 'GODIN', 16, '', 0, NULL, 6, '-4', '', '', '4', TIMESTAMP '2014-04-06 12:56:00.921', '4', '', '', '', TIMESTAMP '2014-04-06 12:56:29.032', '-5', '', '', '', TIMESTAMP '2014-04-08 20:43:57.009', 28.0, 1, 1, NULL, NULL, TRUE, 0, NULL, NULL, 0.0, 0, NULL, 113, 1, NULL, 1, 28.0, NULL),
(2201, 0, 2003, 38.5, '', '', '', '21', NULL, '', '', '', '', NULL, '', '', '', '', NULL, 28.0, 1, 'RDP-PAT', NULL, 'RAPHAELLE', 'F', 'JEAN', 25, '', 0, NULL, 0, '-15', '', '', '15', TIMESTAMP '2014-04-06 20:16:39.409', '-15', '', '', '', TIMESTAMP '2014-04-06 20:17:43.945', '', '', '', '', NULL, 0.0, 0, 2, NULL, NULL, TRUE, 0, NULL, NULL, 0.0, 0, NULL, 114, 1, NULL, 0, 0.0, NULL),
(2202, 0, 2005, 38.1, '', '', '', '6', NULL, '', '', '', '', NULL, '', '', '', '', NULL, 0.0, -1, 'SUD-OUE', NULL, 'JASMINE', 'F', 'MESSAOUI', 28, 'inv.', NULL, NULL, -1, '4', '', '', '4', TIMESTAMP '2014-04-06 12:56:15.045', '-5', '', '', '', TIMESTAMP '2014-04-06 12:57:38.41', '5', '', '', '', TIMESTAMP '2014-04-06 13:00:10.896', 0.0, -1, 3, NULL, NULL, FALSE, NULL, NULL, NULL, 0.0, -1, NULL, 114, 1, NULL, -1, 0.0, NULL),
(2203, 0, 2004, 42.7, '', '', '', '5', NULL, '', '', '', '', NULL, '', '', '', '', NULL, 28.0, 1, 'SUD-OUE', NULL, STRINGDECODE('M\u00c9LINA'), 'F', 'FORGET', 31, '', 0, NULL, 7, '6', '', '', '6', TIMESTAMP '2014-04-05 10:18:33.361', '7', '', '', '', TIMESTAMP '2014-04-08 20:36:53.349', '-8', '', '', '', TIMESTAMP '2014-04-08 20:44:49.504', 28.0, 1, 4, NULL, NULL, TRUE, 0, NULL, NULL, 0.0, 0, NULL, 113, 2, NULL, 1, 28.0, NULL),
(2204, 0, 1997, 51.6, '36', '', '', '36', TIMESTAMP '2014-04-05 11:32:17.484', '40', '', '', '40', TIMESTAMP '2014-04-05 11:37:13.286', '43', '', '', '43', TIMESTAMP '2014-04-05 11:39:10.489', 28.0, 1, 'SUD-OUE', NULL, 'CAROLINE', 'F', 'DUPONT', 3, '', 0, NULL, 2, '22', '', '', '22', TIMESTAMP '2014-04-05 10:30:46.892', '25', '', '', '25', TIMESTAMP '2014-04-05 10:32:32.509', '28', '', '', '28', TIMESTAMP '2014-04-05 10:34:44.029', 28.0, 1, 5, NULL, NULL, TRUE, 0, NULL, NULL, 28.0, 1, NULL, 114, 4, NULL, 1, 28.0, NULL),
(2205, 0, 2002, 56.8, '17', '17', '', '18', TIMESTAMP '2014-04-05 11:26:15.53', '19', '', '', '19', TIMESTAMP '2014-04-05 11:27:30.151', '20', '', '', '', TIMESTAMP '2014-04-05 11:29:06.359', 28.0, 1, 'SUD-OUE', NULL, STRINGDECODE('\u00c9MILIE'), 'F', 'DUSABLON', 23, '', 0, NULL, 5, '14', '', '', '14', TIMESTAMP '2014-04-05 10:23:23.68', '16', '', '', '16', TIMESTAMP '2014-04-05 10:25:47.184', '17', '', '', '17', TIMESTAMP '2014-04-05 10:29:29.033', 28.0, 1, 6, NULL, NULL, TRUE, 0, NULL, NULL, 28.0, 1, NULL, 114, 5, NULL, 1, 28.0, NULL),
(2206, 0, 2001, 70.8, '33', '33', '', '30', TIMESTAMP '2014-04-05 11:30:52.946', '36', '', '', '36', TIMESTAMP '2014-04-05 11:34:07.656', '39', '', '', '39', TIMESTAMP '2014-04-05 11:36:03.89', 25.0, 2, 'IBZ-SGE', NULL, 'JULIA', 'F', 'PLACERES-FOREST', 6, '', 0, NULL, 4, '24', '', '', '24', TIMESTAMP '2014-04-05 10:31:37.505', '27', '', '', '27', TIMESTAMP '2014-04-05 10:33:54.502', '30', '', '', '30', TIMESTAMP '2014-04-05 10:36:19.702', 23.0, 3, 8, NULL, NULL, TRUE, 0, NULL, NULL, 25.0, 2, NULL, 114, 6, NULL, 1, 28.0, NULL);
INSERT INTO PUBLIC.LIFTER(ID, AGEGROUP, BIRTHDATE, BODYWEIGHT, CLEANJERK1ACTUALLIFT, CLEANJERK1CHANGE1, CLEANJERK1CHANGE2, CLEANJERK1DECLARATION, CLEANJERK1LIFTTIME, CLEANJERK2ACTUALLIFT, CLEANJERK2CHANGE1, CLEANJERK2CHANGE2, CLEANJERK2DECLARATION, CLEANJERK2LIFTTIME, CLEANJERK3ACTUALLIFT, CLEANJERK3CHANGE1, CLEANJERK3CHANGE2, CLEANJERK3DECLARATION, CLEANJERK3LIFTTIME, CLEANJERKPOINTS, CLEANJERKRANK, CLUB, COMBINEDPOINTS, FIRSTNAME, GENDER, LASTNAME, LOTNUMBER, MEMBERSHIP, QUALIFYINGTOTAL, SINCLAIRPOINTS, SINCLAIRRANK, SNATCH1ACTUALLIFT, SNATCH1CHANGE1, SNATCH1CHANGE2, SNATCH1DECLARATION, SNATCH1LIFTTIME, SNATCH2ACTUALLIFT, SNATCH2CHANGE1, SNATCH2CHANGE2, SNATCH2DECLARATION, SNATCH2LIFTTIME, SNATCH3ACTUALLIFT, SNATCH3CHANGE1, SNATCH3CHANGE2, SNATCH3DECLARATION, SNATCH3LIFTTIME, SNATCHPOINTS, SNATCHRANK, STARTNUMBER, TEAMCLEANJERKRANK, TEAMCOMBINEDRANK, TEAMMEMBER, TEAMSINCLAIRRANK, TEAMSNATCHRANK, TEAMTOTALRANK, TOTALPOINTS, TOTALRANK, VERSION, COMPETITIONSESSION_ID, REGISTRATIONCATEGORY_ID, CUSTOMSCORE, CUSTOMRANK, CUSTOMPOINTS, FULLBIRTHDATE) VALUES
(2207, 0, 1998, 71.6, '33', '', '', '33', TIMESTAMP '2014-04-05 11:30:18.068', '36', '', '', '36', TIMESTAMP '2014-04-05 11:33:15.769', '39', '', '', '39', TIMESTAMP '2014-04-05 11:35:23.621', 23.0, 3, 'SUD-OUE', NULL, 'CHARLOTTE', 'F', STRINGDECODE('C\u00d4T\u00c9'), 1, '', 0, NULL, 3, '26', '', '', '26', TIMESTAMP '2014-04-05 10:33:18.112', '29', '', '', '29', TIMESTAMP '2014-04-05 10:35:31.097', '31', '', '', '31', TIMESTAMP '2014-04-05 10:37:02.725', 25.0, 2, 7, NULL, NULL, TRUE, 0, NULL, NULL, 28.0, 1, NULL, 114, 34, NULL, 2, 25.0, NULL),
(2208, 0, 1998, 67.2, '', '', '', '30', NULL, '', '', '', '', NULL, '', '', '', '', NULL, 28.0, 1, 'IBZ-SGE', NULL, STRINGDECODE('MARIE-\u00c8VE'), 'F', 'FOURNIER', 20, '', 0, NULL, 1, '33', '32', '33', '25', TIMESTAMP '2014-04-05 10:37:39.86', '36', '', '', '36', TIMESTAMP '2014-04-05 10:39:58.753', '', '', '', '39', NULL, 28.0, 1, 9, NULL, NULL, TRUE, 0, NULL, NULL, 0.0, 0, NULL, 114, 34, NULL, 1, 28.0, NULL),
(2210, 0, 2002, 38.6, '22', '', '', '22', TIMESTAMP '2014-04-05 12:41:21.876', '25', '', '', '25', TIMESTAMP '2014-04-05 12:45:10.123', '27', '', '', '27', TIMESTAMP '2014-04-05 12:47:08.882', 23.0, 3, 'RDP-PAT', NULL, 'JACQUES', 'M', STRINGDECODE('B\u00c9RUB\u00c9'), 19, '', 0, NULL, 8, '20', '20', '', '18', TIMESTAMP '2014-04-05 12:09:01.123', '23', '', '', '23', TIMESTAMP '2014-04-05 12:12:54.899', '-25', '', '', '25', TIMESTAMP '2014-04-05 12:17:34.611', 23.0, 3, 2, NULL, NULL, TRUE, 0, NULL, NULL, 23.0, 3, NULL, 3, 33, NULL, 2, 25.0, NULL),
(2211, 0, 2002, 32.6, '19', '19', '', '15', TIMESTAMP '2014-04-05 12:36:57.39', '21', '', '', '21', TIMESTAMP '2014-04-05 12:39:28.631', '-24', '', '', '24', TIMESTAMP '2014-04-05 12:43:49.041', 22.0, 4, 'RDP-PAT', NULL, 'YOANN', 'M', 'BESCON', 24, '', 0, NULL, 11, '15', '15', '', '13', TIMESTAMP '2014-04-05 12:01:23.9', '-17', '', '', '17', TIMESTAMP '2014-04-05 12:03:21.254', '-17', '', '', '', TIMESTAMP '2014-04-05 12:04:49.292', 22.0, 4, 3, NULL, NULL, TRUE, 0, NULL, NULL, 22.0, 4, NULL, 3, 33, NULL, 3, 23.0, NULL),
(2215, 0, 2002, 39.4, '28', '', '', '28', TIMESTAMP '2014-04-05 12:48:01.026', '30', '', '', '30', TIMESTAMP '2014-04-05 12:50:28.582', '32', '', '', '32', TIMESTAMP '2014-04-05 12:52:39.04', 25.0, 2, 'IBZ-SGE', NULL, 'VICTOR', 'M', 'ALLARD', 9, '', 0, NULL, 7, '22', '22', '', '20', TIMESTAMP '2014-04-05 12:11:45.723', '-24', '', '', '24', TIMESTAMP '2014-04-05 12:14:28.709', '24', '', '', '', TIMESTAMP '2014-04-05 12:16:05.666', 25.0, 2, 1, NULL, NULL, TRUE, 0, NULL, NULL, 25.0, 2, NULL, 3, 11, NULL, 2, 25.0, NULL),
(2220, 0, 2000, 50.8, '48', '', '', '48', TIMESTAMP '2014-04-05 12:54:43.283', '-51', '', '', '51', TIMESTAMP '2014-04-05 12:56:22.245', '-52', '', '', '52', TIMESTAMP '2014-04-05 12:57:58.449', 28.0, 1, 'AHU-CAR', NULL, 'DAHOMEY', 'M', 'CHARLAND-RIVARD', 13, '', 0, NULL, 4, '35', '', '', '35', TIMESTAMP '2014-04-05 12:19:25.306', '38', '', '', '38', TIMESTAMP '2014-04-05 12:21:10.913', '40', '', '', '40', TIMESTAMP '2014-04-05 12:22:37.875', 28.0, 1, 6, NULL, NULL, TRUE, 0, NULL, NULL, 28.0, 1, NULL, 3, 12, NULL, 1, 28.0, NULL);
INSERT INTO PUBLIC.LIFTER(ID, AGEGROUP, BIRTHDATE, BODYWEIGHT, CLEANJERK1ACTUALLIFT, CLEANJERK1CHANGE1, CLEANJERK1CHANGE2, CLEANJERK1DECLARATION, CLEANJERK1LIFTTIME, CLEANJERK2ACTUALLIFT, CLEANJERK2CHANGE1, CLEANJERK2CHANGE2, CLEANJERK2DECLARATION, CLEANJERK2LIFTTIME, CLEANJERK3ACTUALLIFT, CLEANJERK3CHANGE1, CLEANJERK3CHANGE2, CLEANJERK3DECLARATION, CLEANJERK3LIFTTIME, CLEANJERKPOINTS, CLEANJERKRANK, CLUB, COMBINEDPOINTS, FIRSTNAME, GENDER, LASTNAME, LOTNUMBER, MEMBERSHIP, QUALIFYINGTOTAL, SINCLAIRPOINTS, SINCLAIRRANK, SNATCH1ACTUALLIFT, SNATCH1CHANGE1, SNATCH1CHANGE2, SNATCH1DECLARATION, SNATCH1LIFTTIME, SNATCH2ACTUALLIFT, SNATCH2CHANGE1, SNATCH2CHANGE2, SNATCH2DECLARATION, SNATCH2LIFTTIME, SNATCH3ACTUALLIFT, SNATCH3CHANGE1, SNATCH3CHANGE2, SNATCH3DECLARATION, SNATCH3LIFTTIME, SNATCHPOINTS, SNATCHRANK, STARTNUMBER, TEAMCLEANJERKRANK, TEAMCOMBINEDRANK, TEAMMEMBER, TEAMSINCLAIRRANK, TEAMSNATCHRANK, TEAMTOTALRANK, TOTALPOINTS, TOTALRANK, VERSION, COMPETITIONSESSION_ID, REGISTRATIONCATEGORY_ID, CUSTOMSCORE, CUSTOMRANK, CUSTOMPOINTS, FULLBIRTHDATE) VALUES
(2221, 0, 2004, 50.6, '20', '', '', '20', TIMESTAMP '2014-04-05 12:38:09.968', '21', '', '', '', TIMESTAMP '2014-04-05 12:40:07.234', '22', '', '', '', TIMESTAMP '2014-04-05 12:42:09.567', 25.0, 2, 'RDP-PAT', NULL, 'BASTIEN', 'M', 'FOURNIER', 11, '', 0, NULL, 14, '18', '', '', '18', TIMESTAMP '2014-04-05 12:06:07.015', '19', '', '', '', TIMESTAMP '2014-04-05 12:07:17.98', '20', '', '', '', TIMESTAMP '2014-04-05 12:10:40.751', 25.0, 2, 5, NULL, NULL, TRUE, 0, NULL, NULL, 25.0, 2, NULL, 3, 12, NULL, 2, 25.0, NULL),
(2223, 0, 1999, 54.6, '30', '', '', '30', TIMESTAMP '2014-04-05 13:45:58.627', '33', '', '', '33', TIMESTAMP '2014-04-05 13:48:29.59', '36', '', '', '36', TIMESTAMP '2014-04-05 13:50:20.667', 28.0, 1, 'IBZ-SGE', NULL, STRINGDECODE('CL\u00c9MENT'), 'M', 'HAMELIN', 8, '', 0, NULL, 9, '-30', '30', '', '28', TIMESTAMP '2014-04-05 13:19:54.849', '30', '', '', '', TIMESTAMP '2014-04-05 13:21:17.442', '-34', '', '', '34', TIMESTAMP '2014-04-05 13:23:05.924', 28.0, 1, 1, NULL, NULL, TRUE, 0, NULL, NULL, 28.0, 1, NULL, 109, 13, NULL, 1, 28.0, NULL),
(2209, 0, 1997, 0.0, '', '', '', '', NULL, '', '', '', '', NULL, '', '', '', '', NULL, NULL, NULL, 'SUD-OUE', NULL, STRINGDECODE('SARAH-\u00c9MILIE'), 'F', 'THIBAULT', 2, '', 0, NULL, NULL, '', '', '', '', NULL, '', '', '', '', NULL, '', '', '', '', NULL, NULL, NULL, 0, NULL, NULL, TRUE, NULL, NULL, NULL, NULL, NULL, NULL, 114, 34, NULL, NULL, NULL, NULL),
(2218, 0, 2006, 24.9, '28', '28', '', '25', TIMESTAMP '2014-04-05 12:48:35.896', '30', '', '', '30', TIMESTAMP '2014-04-05 12:51:23.455', '32', '', '', '32', TIMESTAMP '2014-04-05 12:53:12.863', 28.0, 1, 'ROS-LPP', NULL, 'BRAYAN', 'M', 'IBANEZ', 30, '', 0, NULL, 1, '20', '', '', '20', TIMESTAMP '2014-04-05 12:09:53.275', '23', '23', '', '22', TIMESTAMP '2014-04-05 12:13:28.536', '24', '', '', '', TIMESTAMP '2014-04-05 12:15:05.753', 28.0, 1, 4, NULL, NULL, TRUE, 0, NULL, NULL, 28.0, 1, NULL, 3, 11, NULL, 1, 28.0, NULL),
(2217, 0, 2003, 48.0, '15', '', '', '15', TIMESTAMP '2014-04-05 12:31:31.016', '-17', '', '', '17', TIMESTAMP '2014-04-05 12:33:33.209', '17', '', '', '', TIMESTAMP '2014-04-05 12:35:30.028', 23.0, 3, 'RDP-PAT', NULL, 'MIKAEL', 'M', 'BLAIS', 29, '', 0, NULL, 15, '13', '', '', '13', TIMESTAMP '2014-04-05 11:59:11.314', '14', '', '', '', TIMESTAMP '2014-04-05 12:00:39.189', '15', '', '', '', TIMESTAMP '2014-04-05 12:01:49.659', 23.0, 3, 7, NULL, NULL, TRUE, 0, NULL, NULL, 23.0, 3, NULL, 3, 11, NULL, 3, 23.0, NULL),
(2214, 0, 2002, 0.0, '', '', '', '', NULL, '', '', '', '', NULL, '', '', '', '', NULL, NULL, NULL, 'RDP-PAT', NULL, 'NICOLAS', 'M', 'LESSARD', 12, '', 0, NULL, NULL, '', '', '', '', NULL, '', '', '', '', NULL, '', '', '', '', NULL, NULL, NULL, 0, NULL, NULL, TRUE, NULL, NULL, NULL, NULL, NULL, NULL, 3, 33, NULL, NULL, NULL, NULL),
(2231, 0, 1999, 99.1, '68', '', '', '68', TIMESTAMP '2014-04-05 14:09:36.863', '72', '', '', '72', TIMESTAMP '2014-04-05 14:11:57.261', '75', '', '', '75', TIMESTAMP '2014-04-05 14:14:35.642', 28.0, 1, 'IBZ-SGE', NULL, 'STEVEN', 'M', 'LAPOINTE', 22, '', 0, NULL, 3, '57', '57', '', '55', TIMESTAMP '2014-04-05 13:34:35.875', '60', '', '', '60', TIMESTAMP '2014-04-05 13:36:29.585', '63', '', '', '63', TIMESTAMP '2014-04-05 13:38:29.443', 28.0, 1, 7, NULL, NULL, TRUE, 0, NULL, NULL, 28.0, 1, NULL, 109, 18, NULL, 1, 28.0, NULL);
INSERT INTO PUBLIC.LIFTER(ID, AGEGROUP, BIRTHDATE, BODYWEIGHT, CLEANJERK1ACTUALLIFT, CLEANJERK1CHANGE1, CLEANJERK1CHANGE2, CLEANJERK1DECLARATION, CLEANJERK1LIFTTIME, CLEANJERK2ACTUALLIFT, CLEANJERK2CHANGE1, CLEANJERK2CHANGE2, CLEANJERK2DECLARATION, CLEANJERK2LIFTTIME, CLEANJERK3ACTUALLIFT, CLEANJERK3CHANGE1, CLEANJERK3CHANGE2, CLEANJERK3DECLARATION, CLEANJERK3LIFTTIME, CLEANJERKPOINTS, CLEANJERKRANK, CLUB, COMBINEDPOINTS, FIRSTNAME, GENDER, LASTNAME, LOTNUMBER, MEMBERSHIP, QUALIFYINGTOTAL, SINCLAIRPOINTS, SINCLAIRRANK, SNATCH1ACTUALLIFT, SNATCH1CHANGE1, SNATCH1CHANGE2, SNATCH1DECLARATION, SNATCH1LIFTTIME, SNATCH2ACTUALLIFT, SNATCH2CHANGE1, SNATCH2CHANGE2, SNATCH2DECLARATION, SNATCH2LIFTTIME, SNATCH3ACTUALLIFT, SNATCH3CHANGE1, SNATCH3CHANGE2, SNATCH3DECLARATION, SNATCH3LIFTTIME, SNATCHPOINTS, SNATCHRANK, STARTNUMBER, TEAMCLEANJERKRANK, TEAMCOMBINEDRANK, TEAMMEMBER, TEAMSINCLAIRRANK, TEAMSNATCHRANK, TEAMTOTALRANK, TOTALPOINTS, TOTALRANK, VERSION, COMPETITIONSESSION_ID, REGISTRATIONCATEGORY_ID, CUSTOMSCORE, CUSTOMRANK, CUSTOMPOINTS, FULLBIRTHDATE) VALUES
(2219, 0, 1997, 0.0, '', '', '', '', NULL, '', '', '', '', NULL, '', '', '', '', NULL, NULL, NULL, 'RDP-PAT', NULL, 'SAMI', 'M', 'BOUZIDI', 17, '', 0, NULL, NULL, '', '', '', '', NULL, '', '', '', '', NULL, '', '', '', '', NULL, NULL, NULL, 0, NULL, NULL, TRUE, NULL, NULL, NULL, NULL, NULL, NULL, 3, 12, NULL, NULL, NULL, NULL),
(2225, 0, 1997, 0.0, '', '', '', '', NULL, '', '', '', '', NULL, '', '', '', '', NULL, NULL, NULL, 'AHU-CAR', NULL, 'ALEXIS', 'M', 'DENNIE-STAVRIDIS', 26, '', 0, NULL, NULL, '', '', '', '', NULL, '', '', '', '', NULL, '', '', '', '', NULL, NULL, NULL, 0, NULL, NULL, TRUE, NULL, NULL, NULL, NULL, NULL, NULL, 109, 15, NULL, NULL, NULL, NULL),
(2232, 0, 1998, 0.0, '', '', '', '', NULL, '', '', '', '', NULL, '', '', '', '', NULL, NULL, NULL, 'IBZ-SGE', NULL, 'HUGO', 'M', 'MARTIN', 10, '', 0, NULL, NULL, '', '', '', '', NULL, '', '', '', '', NULL, '', '', '', '', NULL, NULL, NULL, 0, NULL, NULL, TRUE, NULL, NULL, NULL, NULL, NULL, NULL, 109, 18, NULL, NULL, NULL, NULL),
(2228, 0, 1999, 0.0, '', '', '', '', NULL, '', '', '', '', NULL, '', '', '', '', NULL, NULL, NULL, 'SUD-OUE', NULL, 'JEREMY', 'M', 'TAYLOR', 18, 'inv.', 0, NULL, NULL, '', '', '', '', NULL, '', '', '', '', NULL, '', '', '', '', NULL, NULL, NULL, 0, NULL, NULL, FALSE, NULL, NULL, NULL, NULL, NULL, NULL, 109, 16, NULL, NULL, NULL, NULL),
(2222, 0, 2001, 48.7, '18', '18', '', '16', TIMESTAMP '2014-04-05 12:36:13.882', '21', '', '', '21', TIMESTAMP '2014-04-05 12:38:56.043', '23', '', '', '23', TIMESTAMP '2014-04-05 12:42:50.791', 0.0, -1, 'SUD-OUE', NULL, 'COLINS', 'M', 'GAGNON', 33, 'inv.', NULL, NULL, -1, '14', '14', '', '12', TIMESTAMP '2014-04-05 12:00:03.509', '16', '', '', '16', TIMESTAMP '2014-04-05 12:02:34.383', '19', '', '', '19', TIMESTAMP '2014-04-05 12:07:45.333', 0.0, -1, 8, NULL, NULL, FALSE, NULL, NULL, NULL, 0.0, -1, NULL, 3, 12, NULL, -1, 0.0, NULL),
(2212, 0, 2002, 0.0, '', '', '', '', NULL, '', '', '', '', NULL, '', '', '', '', NULL, NULL, NULL, 'IBZ-SGE', NULL, STRINGDECODE('L\u00c9O'), 'M', 'DUBEAU-MALLETTE', 14, 'inv.', NULL, NULL, NULL, '', '', '', '', NULL, '', '', '', '', NULL, '', '', '', '', NULL, NULL, NULL, 0, NULL, NULL, FALSE, NULL, NULL, NULL, NULL, NULL, NULL, 3, 33, NULL, NULL, NULL, NULL),
(2216, 0, 2002, 0.0, '', '', '', '', NULL, '', '', '', '', NULL, '', '', '', '', NULL, NULL, NULL, 'IBZ-SGE', NULL, 'DAVID', 'M', 'BELLEMARE', 5, 'inv.', NULL, NULL, NULL, '', '', '', '', NULL, '', '', '', '', NULL, '', '', '', '', NULL, NULL, NULL, 0, NULL, NULL, FALSE, NULL, NULL, NULL, NULL, NULL, NULL, 3, 11, NULL, NULL, NULL, NULL);
ALTER TABLE PUBLIC.COMPETITION ADD CONSTRAINT PUBLIC.CONSTRAINT_3F PRIMARY KEY(ID);
ALTER TABLE PUBLIC.COMPETITIONSESSION ADD CONSTRAINT PUBLIC.CONSTRAINT_2 PRIMARY KEY(ID);
ALTER TABLE PUBLIC.CATEGORY ADD CONSTRAINT PUBLIC.CONSTRAINT_3 PRIMARY KEY(ID);
ALTER TABLE PUBLIC.COMPETITIONSESSION_CATEGORY ADD CONSTRAINT PUBLIC.CONSTRAINT_6 PRIMARY KEY(COMPETITIONSESSION_ID, CATEGORIES_ID);
ALTER TABLE PUBLIC.LIFTER ADD CONSTRAINT PUBLIC.CONSTRAINT_8 PRIMARY KEY(ID);
ALTER TABLE PUBLIC.PLATFORM ADD CONSTRAINT PUBLIC.CONSTRAINT_9 PRIMARY KEY(ID);
ALTER TABLE PUBLIC.COMPETITIONSESSION_CATEGORY ADD CONSTRAINT PUBLIC.FKDC3EB866F5BF6143 FOREIGN KEY(CATEGORIES_ID) REFERENCES PUBLIC.CATEGORY(ID) NOCHECK;
ALTER TABLE PUBLIC.LIFTER ADD CONSTRAINT PUBLIC.FK87A811183497ABA1 FOREIGN KEY(COMPETITIONSESSION_ID) REFERENCES PUBLIC.COMPETITIONSESSION(ID) NOCHECK;
ALTER TABLE PUBLIC.COMPETITIONSESSION_CATEGORY ADD CONSTRAINT PUBLIC.FKDC3EB8663497ABA1 FOREIGN KEY(COMPETITIONSESSION_ID) REFERENCES PUBLIC.COMPETITIONSESSION(ID) NOCHECK;
ALTER TABLE PUBLIC.COMPETITIONSESSION ADD CONSTRAINT PUBLIC.FK8E629FF7B3E03701 FOREIGN KEY(PLATFORM_ID) REFERENCES PUBLIC.PLATFORM(ID) NOCHECK;
ALTER TABLE PUBLIC.LIFTER ADD CONSTRAINT PUBLIC.FK87A81118760A80C8 FOREIGN KEY(REGISTRATIONCATEGORY_ID) REFERENCES PUBLIC.CATEGORY(ID) NOCHECK;
